file_name,label,rms
00000080.wav,Abnormal,0.014035088
00000077.wav,Abnormal,0.008632068
00000073.wav,Abnormal,0.008021202
00000140.wav,Abnormal,0.010800323
00000033.wav,Abnormal,0.009945574
