file_name,label,rms
00000108.wav,Abnormal,0.005676318
00000097.wav,Abnormal,0.0058077793
00000103.wav,Abnormal,0.0056527858
00000093.wav,Abnormal,0.005851076
00000106.wav,Abnormal,0.0056187655
