file_name,label,rms,distance
00000317.wav,Normal,0.0060103033,1.2884999999948632e-07
00000527.wav,Normal,0.006010561,1.2885000000035368e-07
00000485.wav,Normal,0.00601023,2.0214999999976224e-07
00000507.wav,Normal,0.006010697,2.6484999999989295e-07
00000640.wav,Normal,0.0060097273,7.04849999999882e-07
